{"cameraMode":{"drawMode":0,"name":"Shaded","section":"Shading Mode"},"sceneLighting":false,"audioPlay":false,"sceneViewState":{"m_AlwaysRefresh":false,"showFog":true,"showSkybox":false,"showFlares":true,"showImageEffects":true,"showParticleSystems":true,"showVisualEffectGraphs":true,"m_FxEnabled":true},"in2DMode":false,"pivot":{"x":0.19814886152744294,"y":-0.38174086809158327,"z":-0.19275330007076264},"rotation":{"x":-0.27675628662109377,"y":0.4129050672054291,"z":-0.13327807188034059,"w":-0.85741126537323},"size":1.7436169385910035,"orthographic":false}